cod_cliente,idade,status_proposta
28,19,Enviada
28,19,Enviada
28,19,Aprovada
674,30,Enviada
674,30,Aprovada
674,30,Em análise
674,30,Validação documentos
693,77,Enviada
693,77,Validação documentos
693,77,Validação documentos
743,47,Aprovada
743,47,Validação documentos
769,35,Enviada
769,35,Em análise
769,35,Validação documentos
824,58,Em análise
824,58,Em análise
884,75,Em análise
899,72,Enviada
899,72,Aprovada
908,77,Validação documentos
5,31,Aprovada
5,31,Aprovada
5,31,Validação documentos
5,31,Validação documentos
262,75,Aprovada
281,47,Aprovada
352,77,Aprovada
352,77,Em análise
387,80,Validação documentos
522,35,Enviada
522,35,Em análise
522,35,Em análise
522,35,Validação documentos
729,69,Aprovada
729,69,Aprovada
729,69,Em análise
729,69,Validação documentos
887,75,Aprovada
70,37,Enviada
70,37,Em análise
70,37,Em análise
226,73,Aprovada
226,73,Em análise
239,46,Validação documentos
265,36,Validação documentos
366,47,Enviada
366,47,Validação documentos
467,26,Aprovada
467,26,Em análise
467,26,Validação documentos
467,26,Validação documentos
602,34,Enviada
602,34,Em análise
602,34,Em análise
691,47,Aprovada
691,47,Aprovada
691,47,Aprovada
783,57,Validação documentos
786,66,Enviada
792,48,Aprovada
792,48,Validação documentos
811,53,Aprovada
811,53,Em análise
834,58,Em análise
834,58,Em análise
834,58,Em análise
834,58,Em análise
911,41,Enviada
911,41,Em análise
924,37,Aprovada
924,37,Em análise
924,37,Validação documentos
56,33,Enviada
56,33,Em análise
71,71,Enviada
71,71,Em análise
71,71,Em análise
71,71,Validação documentos
92,56,Aprovada
92,56,Em análise
116,72,Aprovada
289,42,Enviada
364,58,Em análise
381,53,Enviada
381,53,Enviada
381,53,Aprovada
381,53,Validação documentos
381,53,Validação documentos
421,55,Enviada
421,55,Aprovada
664,50,Aprovada
664,50,Aprovada
664,50,Aprovada
664,50,Validação documentos
788,71,Enviada
788,71,Enviada
788,71,Aprovada
788,71,Validação documentos
847,49,Em análise
847,49,Em análise
852,42,Enviada
852,42,Em análise
991,61,Aprovada
991,61,Em análise
991,61,Validação documentos
90,78,Validação documentos
90,78,Validação documentos
233,64,Enviada
233,64,Aprovada
233,64,Em análise
233,64,Em análise
493,33,Enviada
493,33,Enviada
493,33,Em análise
676,70,Validação documentos
890,24,Enviada
957,51,Enviada
957,51,Aprovada
38,41,Enviada
38,41,Enviada
38,41,Aprovada
38,41,Aprovada
38,41,Em análise
55,55,Aprovada
150,23,Enviada
211,83,Enviada
331,58,Aprovada
331,58,Em análise
331,58,Validação documentos
452,71,Validação documentos
587,33,Enviada
587,33,Enviada
649,67,Aprovada
720,70,Enviada
720,70,Aprovada
741,70,Aprovada
866,83,Em análise
866,83,Validação documentos
933,22,Enviada
933,22,Validação documentos
941,62,Validação documentos
157,19,Em análise
157,19,Em análise
195,58,Enviada
195,58,Em análise
195,58,Validação documentos
369,60,Aprovada
369,60,Aprovada
369,60,Validação documentos
499,23,Enviada
567,28,Enviada
609,19,Enviada
609,19,Validação documentos
731,30,Aprovada
731,30,Em análise
964,55,Enviada
972,34,Em análise
972,34,Validação documentos
114,76,Enviada
114,76,Enviada
114,76,Enviada
298,24,Em análise
298,24,Em análise
327,74,Enviada
328,54,Em análise
328,54,Validação documentos
523,74,Enviada
523,74,Enviada
523,74,Em análise
696,29,Aprovada
822,73,Aprovada
822,73,Aprovada
822,73,Em análise
822,73,Em análise
982,76,Enviada
982,76,Em análise
982,76,Em análise
62,68,Aprovada
152,18,Em análise
152,18,Validação documentos
350,64,Aprovada
350,64,Aprovada
427,70,Validação documentos
427,70,Validação documentos
427,70,Validação documentos
439,59,Enviada
439,59,Aprovada
450,61,Enviada
450,61,Aprovada
604,39,Aprovada
604,39,Em análise
604,39,Em análise
604,39,Validação documentos
605,39,Validação documentos
670,46,Em análise
825,35,Aprovada
825,35,Em análise
99,80,Enviada
388,81,Em análise
431,31,Validação documentos
501,20,Validação documentos
501,20,Validação documentos
556,78,Validação documentos
575,24,Enviada
575,24,Validação documentos
706,25,Enviada
706,25,Em análise
706,25,Em análise
706,25,Validação documentos
796,78,Aprovada
796,78,Em análise
796,78,Em análise
57,56,Em análise
57,56,Validação documentos
254,73,Enviada
303,43,Aprovada
303,43,Em análise
303,43,Validação documentos
457,46,Validação documentos
457,46,Validação documentos
457,46,Validação documentos
457,46,Validação documentos
457,46,Validação documentos
515,25,Em análise
616,56,Enviada
638,46,Enviada
638,46,Enviada
638,46,Enviada
638,46,Aprovada
836,76,Enviada
871,41,Em análise
879,63,Enviada
879,63,Aprovada
917,78,Em análise
917,78,Validação documentos
42,66,Enviada
42,66,Aprovada
42,66,Validação documentos
117,64,Enviada
117,64,Aprovada
261,72,Enviada
261,72,Enviada
261,72,Aprovada
261,72,Validação documentos
261,72,Validação documentos
261,72,Validação documentos
266,31,Enviada
266,31,Aprovada
266,31,Em análise
266,31,Validação documentos
292,40,Enviada
292,40,Aprovada
292,40,Validação documentos
292,40,Validação documentos
383,69,Aprovada
396,53,Aprovada
396,53,Em análise
396,53,Validação documentos
805,72,Enviada
805,72,Enviada
805,72,Em análise
805,72,Em análise
966,82,Em análise
966,82,Em análise
966,82,Validação documentos
966,82,Validação documentos
52,70,Aprovada
52,70,Em análise
52,70,Validação documentos
52,70,Validação documentos
82,70,Enviada
82,70,Aprovada
82,70,Validação documentos
82,70,Validação documentos
201,77,Validação documentos
250,61,Enviada
250,61,Aprovada
250,61,Em análise
250,61,Em análise
433,45,Aprovada
433,45,Validação documentos
433,45,Validação documentos
504,72,Enviada
504,72,Aprovada
504,72,Em análise
504,72,Validação documentos
645,62,Enviada
645,62,Em análise
672,20,Enviada
672,20,Enviada
672,20,Aprovada
973,81,Enviada
973,81,Aprovada
67,66,Enviada
67,66,Aprovada
67,66,Validação documentos
422,64,Enviada
422,64,Aprovada
422,64,Em análise
426,50,Enviada
426,50,Enviada
510,47,Em análise
510,47,Validação documentos
510,47,Validação documentos
627,73,Aprovada
771,34,Enviada
987,70,Enviada
191,38,Aprovada
191,38,Aprovada
191,38,Aprovada
191,38,Aprovada
191,38,Em análise
191,38,Em análise
191,38,Em análise
379,51,Enviada
379,51,Enviada
379,51,Validação documentos
379,51,Validação documentos
418,44,Aprovada
418,44,Aprovada
418,44,Em análise
446,28,Aprovada
446,28,Validação documentos
484,20,Enviada
484,20,Validação documentos
490,81,Em análise
490,81,Validação documentos
496,37,Aprovada
496,37,Validação documentos
507,50,Aprovada
507,50,Aprovada
521,38,Em análise
521,38,Validação documentos
521,38,Validação documentos
521,38,Validação documentos
611,58,Validação documentos
705,50,Enviada
705,50,Validação documentos
804,50,Enviada
804,50,Validação documentos
815,43,Em análise
815,43,Validação documentos
859,24,Enviada
859,24,Enviada
859,24,Em análise
859,24,Em análise
989,77,Enviada
989,77,Aprovada
989,77,Validação documentos
8,45,Aprovada
8,45,Aprovada
8,45,Aprovada
8,45,Em análise
27,19,Enviada
27,19,Aprovada
27,19,Aprovada
27,19,Em análise
27,19,Validação documentos
27,19,Validação documentos
30,28,Aprovada
30,28,Validação documentos
113,24,Aprovada
316,26,Aprovada
397,19,Enviada
397,19,Em análise
480,57,Enviada
480,57,Em análise
480,57,Validação documentos
483,79,Enviada
483,79,Aprovada
483,79,Aprovada
483,79,Aprovada
483,79,Validação documentos
483,79,Validação documentos
505,39,Enviada
802,19,Aprovada
818,32,Enviada
818,32,Validação documentos
818,32,Validação documentos
66,72,Aprovada
66,72,Em análise
140,24,Enviada
140,24,Aprovada
140,24,Em análise
140,24,Validação documentos
193,47,Enviada
193,47,Enviada
193,47,Aprovada
193,47,Aprovada
345,55,Aprovada
544,54,Aprovada
544,54,Em análise
593,82,Enviada
593,82,Aprovada
593,82,Em análise
615,35,Validação documentos
680,72,Em análise
758,69,Validação documentos
830,21,Validação documentos
843,56,Enviada
843,56,Enviada
843,56,Enviada
843,56,Em análise
843,56,Validação documentos
843,56,Validação documentos
873,49,Aprovada
873,49,Aprovada
931,25,Enviada
89,69,Enviada
89,69,Aprovada
89,69,Em análise
97,69,Aprovada
100,27,Validação documentos
171,38,Aprovada
225,38,Aprovada
258,64,Validação documentos
279,53,Validação documentos
279,53,Validação documentos
330,72,Enviada
330,72,Validação documentos
358,51,Enviada
358,51,Enviada
358,51,Validação documentos
382,63,Aprovada
382,63,Validação documentos
456,31,Aprovada
456,31,Aprovada
456,31,Em análise
465,38,Aprovada
606,18,Aprovada
606,18,Aprovada
610,26,Enviada
756,35,Em análise
756,35,Validação documentos
756,35,Validação documentos
849,45,Enviada
849,45,Enviada
849,45,Enviada
849,45,Aprovada
849,45,Em análise
901,38,Validação documentos
940,72,Aprovada
940,72,Aprovada
940,72,Aprovada
940,72,Em análise
985,83,Enviada
985,83,Aprovada
6,82,Enviada
6,82,Em análise
17,33,Enviada
17,33,Enviada
17,33,Aprovada
17,33,Validação documentos
259,50,Aprovada
259,50,Validação documentos
354,22,Enviada
380,29,Enviada
380,29,Enviada
380,29,Aprovada
380,29,Em análise
380,29,Validação documentos
429,53,Enviada
429,53,Enviada
429,53,Enviada
429,53,Aprovada
429,53,Aprovada
429,53,Validação documentos
429,53,Validação documentos
497,79,Aprovada
497,79,Em análise
601,27,Em análise
601,27,Validação documentos
692,35,Enviada
692,35,Aprovada
767,50,Aprovada
767,50,Aprovada
767,50,Em análise
767,50,Validação documentos
767,50,Validação documentos
868,52,Aprovada
868,52,Validação documentos
898,68,Em análise
898,68,Em análise
965,78,Enviada
965,78,Enviada
371,76,Enviada
371,76,Aprovada
371,76,Validação documentos
371,76,Validação documentos
425,56,Enviada
425,56,Enviada
425,56,Aprovada
425,56,Aprovada
425,56,Em análise
425,56,Em análise
425,56,Validação documentos
445,29,Aprovada
445,29,Validação documentos
530,76,Em análise
698,82,Enviada
698,82,Em análise
698,82,Validação documentos
733,47,Validação documentos
833,52,Enviada
833,52,Aprovada
857,43,Enviada
857,43,Validação documentos
922,60,Enviada
922,60,Aprovada
922,60,Em análise
922,60,Validação documentos
928,50,Enviada
928,50,Aprovada
928,50,Aprovada
928,50,Em análise
928,50,Em análise
928,50,Validação documentos
936,71,Enviada
936,71,Enviada
936,71,Aprovada
286,29,Em análise
359,67,Enviada
410,46,Enviada
410,46,Enviada
410,46,Em análise
410,46,Validação documentos
576,47,Enviada
576,47,Validação documentos
584,79,Enviada
584,79,Enviada
584,79,Validação documentos
595,76,Aprovada
624,63,Enviada
624,63,Enviada
624,63,Validação documentos
657,27,Validação documentos
704,71,Aprovada
704,71,Em análise
794,63,Aprovada
794,63,Validação documentos
794,63,Validação documentos
794,63,Validação documentos
45,77,Enviada
75,74,Aprovada
135,52,Validação documentos
230,40,Aprovada
274,20,Aprovada
274,20,Validação documentos
274,20,Validação documentos
588,63,Enviada
588,63,Em análise
588,63,Validação documentos
588,63,Validação documentos
588,63,Validação documentos
635,45,Enviada
635,45,Enviada
635,45,Aprovada
641,24,Enviada
641,24,Aprovada
902,79,Enviada
37,58,Enviada
37,58,Em análise
37,58,Validação documentos
39,20,Enviada
39,20,Em análise
39,20,Validação documentos
105,25,Enviada
185,79,Aprovada
185,79,Aprovada
185,79,Validação documentos
219,64,Em análise
219,64,Validação documentos
290,44,Enviada
290,44,Enviada
290,44,Aprovada
621,55,Enviada
621,55,Aprovada
621,55,Em análise
763,79,Em análise
148,56,Em análise
288,74,Enviada
294,67,Validação documentos
294,67,Validação documentos
360,39,Aprovada
360,39,Validação documentos
395,42,Enviada
395,42,Validação documentos
475,68,Enviada
475,68,Validação documentos
475,68,Validação documentos
487,77,Enviada
487,77,Validação documentos
495,63,Em análise
537,68,Aprovada
548,43,Aprovada
548,43,Em análise
548,43,Validação documentos
548,43,Validação documentos
564,29,Enviada
564,29,Aprovada
564,29,Aprovada
564,29,Validação documentos
586,58,Aprovada
619,61,Em análise
619,61,Em análise
732,45,Enviada
732,45,Validação documentos
842,35,Aprovada
842,35,Em análise
893,78,Enviada
893,78,Em análise
893,78,Validação documentos
916,38,Enviada
916,38,Validação documentos
935,64,Em análise
935,64,Em análise
974,26,Aprovada
974,26,Em análise
974,26,Em análise
974,26,Validação documentos
992,44,Aprovada
553,48,Enviada
553,48,Enviada
640,72,Enviada
640,72,Enviada
640,72,Aprovada
819,55,Enviada
819,55,Em análise
870,27,Enviada
870,27,Aprovada
870,27,Validação documentos
978,76,Aprovada
33,40,Aprovada
33,40,Validação documentos
101,51,Aprovada
101,51,Aprovada
101,51,Em análise
103,35,Aprovada
103,35,Validação documentos
103,35,Validação documentos
103,35,Validação documentos
213,34,Enviada
213,34,Enviada
213,34,Em análise
295,55,Aprovada
295,55,Validação documentos
295,55,Validação documentos
323,38,Enviada
323,38,Em análise
335,23,Enviada
335,23,Aprovada
335,23,Validação documentos
476,81,Validação documentos
633,65,Enviada
633,65,Aprovada
650,25,Enviada
650,25,Aprovada
650,25,Validação documentos
650,25,Validação documentos
36,69,Enviada
36,69,Aprovada
40,59,Enviada
40,59,Aprovada
228,55,Aprovada
228,55,Em análise
228,55,Em análise
228,55,Validação documentos
322,19,Aprovada
322,19,Aprovada
322,19,Em análise
322,19,Validação documentos
322,19,Validação documentos
322,19,Validação documentos
322,19,Validação documentos
412,52,Aprovada
414,18,Enviada
554,82,Em análise
683,63,Em análise
683,63,Validação documentos
683,63,Validação documentos
708,35,Enviada
708,35,Em análise
708,35,Em análise
738,64,Em análise
738,64,Validação documentos
778,43,Enviada
778,43,Em análise
778,43,Validação documentos
800,33,Enviada
800,33,Em análise
846,36,Enviada
846,36,Em análise
877,81,Aprovada
877,81,Aprovada
912,34,Enviada
912,34,Aprovada
918,22,Aprovada
918,22,Em análise
918,22,Validação documentos
938,27,Enviada
938,27,Aprovada
938,27,Aprovada
938,27,Validação documentos
983,51,Enviada
983,51,Aprovada
20,48,Enviada
29,56,Aprovada
29,56,Aprovada
29,56,Validação documentos
51,25,Enviada
120,57,Enviada
120,57,Em análise
120,57,Em análise
120,57,Em análise
120,57,Em análise
120,57,Validação documentos
168,77,Aprovada
168,77,Validação documentos
520,25,Enviada
520,25,Enviada
520,25,Em análise
520,25,Em análise
520,25,Validação documentos
543,22,Enviada
543,22,Aprovada
543,22,Validação documentos
598,26,Em análise
648,36,Enviada
648,36,Validação documentos
648,36,Validação documentos
744,83,Em análise
744,83,Validação documentos
762,58,Aprovada
762,58,Em análise
844,70,Enviada
844,70,Aprovada
844,70,Aprovada
844,70,Validação documentos
981,66,Aprovada
981,66,Validação documentos
981,66,Validação documentos
981,66,Validação documentos
60,62,Em análise
60,62,Validação documentos
151,36,Validação documentos
188,74,Enviada
188,74,Validação documentos
204,23,Aprovada
204,23,Aprovada
204,23,Em análise
204,23,Validação documentos
204,23,Validação documentos
237,47,Enviada
237,47,Em análise
276,35,Enviada
276,35,Aprovada
276,35,Em análise
341,37,Enviada
341,37,Aprovada
341,37,Aprovada
406,68,Enviada
406,68,Enviada
406,68,Enviada
436,53,Enviada
436,53,Aprovada
462,39,Enviada
462,39,Aprovada
462,39,Validação documentos
462,39,Validação documentos
502,24,Aprovada
502,24,Validação documentos
502,24,Validação documentos
651,35,Enviada
651,35,Enviada
651,35,Enviada
651,35,Aprovada
651,35,Validação documentos
750,67,Enviada
750,67,Aprovada
750,67,Validação documentos
750,67,Validação documentos
754,56,Enviada
754,56,Aprovada
754,56,Aprovada
920,62,Aprovada
920,62,Em análise
920,62,Em análise
920,62,Validação documentos
84,49,Aprovada
84,49,Aprovada
84,49,Aprovada
84,49,Aprovada
192,37,Enviada
192,37,Enviada
192,37,Aprovada
229,43,Enviada
229,43,Enviada
236,31,Enviada
236,31,Enviada
236,31,Validação documentos
236,31,Validação documentos
343,44,Aprovada
343,44,Em análise
343,44,Em análise
407,72,Validação documentos
461,19,Em análise
516,49,Enviada
516,49,Enviada
545,64,Enviada
545,64,Aprovada
545,64,Em análise
545,64,Validação documentos
545,64,Validação documentos
545,64,Validação documentos
600,67,Enviada
600,67,Validação documentos
639,76,Aprovada
639,76,Validação documentos
712,20,Enviada
712,20,Enviada
773,66,Em análise
814,65,Em análise
814,65,Em análise
814,65,Validação documentos
948,54,Aprovada
948,54,Em análise
948,54,Validação documentos
971,57,Enviada
971,57,Validação documentos
971,57,Validação documentos
994,71,Em análise
102,29,Validação documentos
244,64,Enviada
417,25,Enviada
417,25,Aprovada
417,25,Em análise
417,25,Em análise
417,25,Em análise
473,18,Enviada
473,18,Em análise
498,57,Enviada
498,57,Enviada
498,57,Aprovada
498,57,Em análise
498,57,Validação documentos
534,32,Enviada
534,32,Aprovada
592,46,Aprovada
592,46,Em análise
592,46,Em análise
636,56,Aprovada
636,56,Aprovada
714,70,Aprovada
714,70,Aprovada
714,70,Em análise
716,65,Enviada
716,65,Em análise
722,70,Em análise
722,70,Validação documentos
749,51,Em análise
753,46,Em análise
785,49,Validação documentos
821,20,Aprovada
821,20,Em análise
10,34,Em análise
50,20,Aprovada
95,22,Enviada
95,22,Aprovada
106,71,Aprovada
106,71,Validação documentos
106,71,Validação documentos
143,25,Enviada
143,25,Aprovada
194,24,Enviada
194,24,Aprovada
194,24,Em análise
194,24,Em análise
194,24,Em análise
253,65,Validação documentos
253,65,Validação documentos
347,41,Enviada
347,41,Validação documentos
353,40,Aprovada
353,40,Aprovada
403,64,Aprovada
403,64,Em análise
500,34,Em análise
500,34,Em análise
500,34,Validação documentos
506,32,Enviada
506,32,Validação documentos
776,71,Enviada
776,71,Enviada
776,71,Validação documentos
867,60,Em análise
867,60,Em análise
867,60,Em análise
867,60,Validação documentos
894,71,Enviada
894,71,Validação documentos
16,31,Aprovada
48,69,Enviada
48,69,Em análise
48,69,Em análise
48,69,Validação documentos
119,45,Aprovada
119,45,Em análise
128,83,Enviada
212,22,Em análise
297,73,Em análise
312,71,Em análise
312,71,Validação documentos
391,26,Validação documentos
391,26,Validação documentos
532,20,Enviada
532,20,Em análise
532,20,Validação documentos
647,61,Enviada
647,61,Em análise
647,61,Em análise
647,61,Em análise
647,61,Validação documentos
832,42,Aprovada
832,42,Em análise
856,64,Enviada
856,64,Aprovada
856,64,Aprovada
856,64,Em análise
883,27,Enviada
883,27,Aprovada
915,54,Enviada
915,54,Validação documentos
4,39,Enviada
4,39,Aprovada
4,39,Aprovada
7,40,Enviada
7,40,Em análise
7,40,Validação documentos
177,39,Em análise
177,39,Validação documentos
208,38,Enviada
208,38,Aprovada
264,67,Enviada
264,67,Enviada
264,67,Aprovada
320,24,Validação documentos
413,51,Aprovada
413,51,Validação documentos
710,53,Enviada
710,53,Aprovada
710,53,Em análise
765,59,Enviada
765,59,Aprovada
765,59,Em análise
765,59,Validação documentos
787,39,Enviada
787,39,Enviada
855,33,Em análise
932,31,Aprovada
932,31,Em análise
986,19,Enviada
986,19,Enviada
986,19,Enviada
986,19,Aprovada
986,19,Em análise
18,34,Validação documentos
112,39,Aprovada
112,39,Validação documentos
234,54,Aprovada
234,54,Em análise
246,59,Aprovada
246,59,Em análise
246,59,Validação documentos
251,29,Enviada
251,29,Em análise
251,29,Validação documentos
361,79,Validação documentos
378,82,Em análise
378,82,Validação documentos
378,82,Validação documentos
489,67,Enviada
491,46,Enviada
491,46,Em análise
491,46,Em análise
491,46,Validação documentos
658,58,Aprovada
658,58,Aprovada
658,58,Validação documentos
737,45,Enviada
737,45,Validação documentos
809,62,Aprovada
860,37,Aprovada
921,76,Enviada
921,76,Enviada
921,76,Em análise
921,76,Em análise
63,32,Em análise
169,27,Aprovada
169,27,Em análise
174,60,Enviada
174,60,Em análise
442,70,Enviada
442,70,Aprovada
442,70,Em análise
442,70,Em análise
442,70,Validação documentos
442,70,Validação documentos
626,37,Enviada
626,37,Aprovada
661,65,Aprovada
661,65,Em análise
661,65,Em análise
661,65,Em análise
661,65,Validação documentos
930,49,Enviada
930,49,Aprovada
930,49,Em análise
129,53,Enviada
129,53,Enviada
129,53,Enviada
129,53,Aprovada
129,53,Em análise
300,44,Aprovada
300,44,Validação documentos
375,58,Validação documentos
443,77,Aprovada
443,77,Em análise
443,77,Validação documentos
590,66,Em análise
726,29,Em análise
874,39,Em análise
919,19,Em análise
43,54,Validação documentos
77,24,Enviada
77,24,Em análise
109,47,Validação documentos
210,72,Validação documentos
217,54,Enviada
218,20,Em análise
241,46,Validação documentos
263,83,Validação documentos
270,31,Validação documentos
307,20,Em análise
336,65,Enviada
468,31,Validação documentos
481,61,Enviada
481,61,Aprovada
552,71,Em análise
568,65,Em análise
568,65,Validação documentos
597,45,Aprovada
597,45,Aprovada
667,37,Enviada
667,37,Aprovada
667,37,Em análise
667,37,Validação documentos
669,83,Aprovada
685,41,Validação documentos
707,80,Enviada
707,80,Em análise
707,80,Validação documentos
735,27,Aprovada
735,27,Em análise
790,27,Enviada
790,27,Enviada
790,27,Aprovada
790,27,Validação documentos
798,43,Enviada
968,26,Validação documentos
74,68,Enviada
74,68,Aprovada
81,19,Enviada
81,19,Aprovada
137,62,Enviada
372,78,Aprovada
392,25,Aprovada
392,25,Validação documentos
408,82,Aprovada
408,82,Aprovada
408,82,Em análise
428,60,Enviada
428,60,Validação documentos
574,76,Enviada
625,38,Enviada
153,80,Enviada
165,66,Enviada
165,66,Aprovada
165,66,Em análise
165,66,Em análise
252,53,Enviada
252,53,Em análise
252,53,Em análise
319,35,Aprovada
319,35,Validação documentos
538,56,Aprovada
642,78,Enviada
728,21,Aprovada
728,21,Em análise
745,54,Aprovada
745,54,Validação documentos
745,54,Validação documentos
795,48,Enviada
795,48,Aprovada
958,48,Em análise
26,28,Enviada
26,28,Em análise
26,28,Em análise
26,28,Validação documentos
455,55,Aprovada
512,20,Enviada
689,54,Em análise
718,35,Aprovada
718,35,Em análise
766,51,Enviada
766,51,Aprovada
775,32,Aprovada
775,32,Aprovada
775,32,Em análise
775,32,Validação documentos
86,18,Aprovada
86,18,Aprovada
86,18,Em análise
86,18,Validação documentos
86,18,Validação documentos
173,38,Em análise
173,38,Em análise
173,38,Validação documentos
215,56,Enviada
215,56,Enviada
215,56,Aprovada
215,56,Validação documentos
275,55,Em análise
275,55,Validação documentos
348,34,Aprovada
348,34,Aprovada
385,81,Enviada
385,81,Enviada
385,81,Em análise
435,55,Aprovada
474,49,Enviada
474,49,Em análise
477,58,Aprovada
477,58,Validação documentos
607,42,Enviada
607,42,Aprovada
607,42,Em análise
807,45,Enviada
807,45,Enviada
807,45,Em análise
869,46,Enviada
869,46,Em análise
891,43,Em análise
891,43,Em análise
891,43,Validação documentos
923,24,Enviada
923,24,Validação documentos
997,46,Validação documentos
997,46,Validação documentos
2,46,Enviada
2,46,Aprovada
65,53,Enviada
65,53,Aprovada
65,53,Em análise
145,70,Em análise
176,57,Enviada
176,57,Enviada
176,57,Validação documentos
200,70,Validação documentos
216,70,Aprovada
216,70,Em análise
220,34,Aprovada
220,34,Aprovada
245,31,Enviada
245,31,Aprovada
245,31,Aprovada
245,31,Em análise
245,31,Validação documentos
272,82,Em análise
272,82,Em análise
272,82,Validação documentos
355,32,Enviada
355,32,Enviada
355,32,Em análise
579,44,Enviada
579,44,Enviada
579,44,Validação documentos
579,44,Validação documentos
711,74,Enviada
711,74,Em análise
711,74,Em análise
723,43,Validação documentos
723,43,Validação documentos
858,69,Enviada
858,69,Validação documentos
892,34,Aprovada
892,34,Validação documentos
892,34,Validação documentos
910,40,Em análise
950,73,Em análise
950,73,Em análise
950,73,Validação documentos
961,31,Validação documentos
53,30,Enviada
53,30,Enviada
53,30,Aprovada
58,20,Enviada
58,20,Aprovada
58,20,Aprovada
58,20,Validação documentos
94,38,Em análise
178,22,Aprovada
178,22,Aprovada
214,57,Enviada
214,57,Enviada
214,57,Aprovada
214,57,Aprovada
255,79,Enviada
255,79,Aprovada
255,79,Aprovada
277,38,Enviada
438,44,Aprovada
438,44,Aprovada
492,23,Enviada
492,23,Aprovada
492,23,Em análise
492,23,Validação documentos
513,57,Aprovada
513,57,Aprovada
513,57,Validação documentos
513,57,Validação documentos
566,37,Aprovada
583,69,Aprovada
583,69,Aprovada
583,69,Validação documentos
677,80,Enviada
677,80,Aprovada
677,80,Validação documentos
677,80,Validação documentos
813,71,Enviada
813,71,Aprovada
813,71,Aprovada
813,71,Aprovada
813,71,Em análise
903,74,Enviada
903,74,Enviada
903,74,Validação documentos
927,68,Enviada
927,68,Enviada
927,68,Aprovada
927,68,Validação documentos
11,50,Enviada
11,50,Aprovada
11,50,Em análise
15,83,Enviada
15,83,Aprovada
15,83,Validação documentos
238,62,Em análise
309,59,Enviada
309,59,Enviada
314,19,Validação documentos
390,33,Aprovada
637,39,Enviada
637,39,Aprovada
637,39,Validação documentos
662,62,Enviada
662,62,Enviada
662,62,Em análise
662,62,Validação documentos
748,34,Em análise
784,43,Enviada
784,43,Em análise
784,43,Validação documentos
797,36,Aprovada
797,36,Aprovada
799,61,Aprovada
799,61,Em análise
934,68,Enviada
934,68,Aprovada
934,68,Aprovada
959,82,Em análise
969,71,Em análise
130,67,Enviada
130,67,Enviada
130,67,Aprovada
164,47,Enviada
164,47,Em análise
164,47,Em análise
164,47,Em análise
175,69,Enviada
175,69,Enviada
247,28,Enviada
247,28,Aprovada
247,28,Aprovada
247,28,Em análise
247,28,Em análise
247,28,Validação documentos
247,28,Validação documentos
302,53,Enviada
415,31,Aprovada
415,31,Em análise
420,26,Enviada
420,26,Em análise
420,26,Em análise
459,70,Em análise
690,39,Em análise
690,39,Em análise
690,39,Validação documentos
690,39,Validação documentos
747,57,Em análise
747,57,Validação documentos
806,38,Enviada
806,38,Enviada
820,46,Aprovada
820,46,Aprovada
820,46,Em análise
820,46,Validação documentos
905,20,Enviada
905,20,Enviada
905,20,Em análise
111,69,Aprovada
111,69,Aprovada
111,69,Em análise
111,69,Validação documentos
182,66,Enviada
182,66,Em análise
182,66,Validação documentos
182,66,Validação documentos
187,61,Enviada
221,35,Enviada
243,29,Enviada
243,29,Validação documentos
243,29,Validação documentos
482,74,Em análise
482,74,Em análise
885,74,Enviada
885,74,Enviada
885,74,Em análise
144,57,Enviada
144,57,Aprovada
144,57,Em análise
159,52,Enviada
160,36,Aprovada
160,36,Aprovada
160,36,Validação documentos
222,52,Enviada
222,52,Enviada
268,76,Aprovada
282,44,Em análise
284,33,Aprovada
284,33,Em análise
405,53,Enviada
405,53,Em análise
430,68,Enviada
430,68,Aprovada
430,68,Aprovada
430,68,Validação documentos
466,50,Em análise
697,79,Enviada
697,79,Validação documentos
803,23,Em análise
803,23,Em análise
861,22,Em análise
861,22,Em análise
115,73,Validação documentos
123,22,Aprovada
123,22,Em análise
123,22,Validação documentos
344,76,Aprovada
351,34,Enviada
351,34,Em análise
440,77,Enviada
531,28,Aprovada
531,28,Validação documentos
531,28,Validação documentos
542,33,Aprovada
542,33,Em análise
542,33,Validação documentos
652,34,Validação documentos
679,76,Aprovada
679,76,Em análise
679,76,Validação documentos
725,49,Aprovada
793,23,Validação documentos
78,73,Em análise
136,55,Em análise
136,55,Em análise
167,83,Em análise
183,77,Validação documentos
183,77,Validação documentos
326,61,Aprovada
326,61,Validação documentos
340,32,Validação documentos
393,54,Enviada
485,81,Enviada
485,81,Em análise
485,81,Validação documentos
525,20,Em análise
546,19,Em análise
585,34,Aprovada
618,67,Aprovada
742,49,Aprovada
742,49,Aprovada
742,49,Aprovada
742,49,Em análise
760,42,Enviada
760,42,Aprovada
812,47,Em análise
812,47,Validação documentos
998,80,Aprovada
998,80,Validação documentos
998,80,Validação documentos
47,41,Aprovada
47,41,Validação documentos
85,57,Em análise
85,57,Em análise
85,57,Validação documentos
138,61,Enviada
138,61,Enviada
138,61,Em análise
138,61,Em análise
138,61,Validação documentos
163,70,Aprovada
163,70,Validação documentos
198,57,Enviada
198,57,Aprovada
198,57,Em análise
389,64,Aprovada
389,64,Em análise
464,34,Enviada
518,75,Aprovada
684,38,Enviada
684,38,Enviada
684,38,Enviada
684,38,Aprovada
684,38,Validação documentos
702,65,Aprovada
702,65,Em análise
755,30,Aprovada
777,77,Aprovada
816,69,Em análise
816,69,Validação documentos
816,69,Validação documentos
876,41,Enviada
876,41,Enviada
876,41,Em análise
876,41,Em análise
876,41,Em análise
913,64,Validação documentos
83,69,Enviada
83,69,Aprovada
83,69,Em análise
424,75,Enviada
424,75,Validação documentos
463,67,Enviada
463,67,Em análise
463,67,Em análise
463,67,Em análise
560,58,Enviada
560,58,Aprovada
560,58,Validação documentos
560,58,Validação documentos
628,70,Enviada
665,30,Enviada
703,53,Enviada
703,53,Em análise
746,77,Validação documentos
746,77,Validação documentos
770,19,Enviada
770,19,Em análise
895,62,Enviada
895,62,Enviada
907,63,Aprovada
31,48,Enviada
31,48,Aprovada
31,48,Em análise
31,48,Em análise
49,48,Aprovada
49,48,Em análise
49,48,Em análise
49,48,Validação documentos
88,26,Enviada
132,80,Enviada
132,80,Enviada
132,80,Aprovada
207,71,Aprovada
249,69,Enviada
249,69,Aprovada
608,47,Enviada
608,47,Aprovada
608,47,Validação documentos
608,47,Validação documentos
701,59,Aprovada
701,59,Aprovada
701,59,Em análise
817,78,Validação documentos
817,78,Validação documentos
817,78,Validação documentos
823,57,Enviada
863,48,Enviada
881,68,Aprovada
881,68,Validação documentos
287,81,Enviada
287,81,Enviada
287,81,Em análise
287,81,Validação documentos
324,36,Enviada
324,36,Em análise
324,36,Validação documentos
376,24,Validação documentos
376,24,Validação documentos
448,29,Enviada
448,29,Enviada
448,29,Aprovada
448,29,Em análise
503,56,Aprovada
503,56,Aprovada
617,52,Validação documentos
646,63,Enviada
724,41,Em análise
724,41,Validação documentos
831,51,Aprovada
831,51,Aprovada
831,51,Em análise
831,51,Validação documentos
872,58,Enviada
872,58,Aprovada
64,67,Aprovada
248,67,Em análise
248,67,Validação documentos
599,21,Aprovada
599,21,Em análise
599,21,Em análise
644,33,Enviada
644,33,Aprovada
644,33,Em análise
699,36,Enviada
699,36,Aprovada
699,36,Aprovada
791,80,Enviada
828,44,Enviada
828,44,Enviada
828,44,Em análise
984,79,Enviada
984,79,Enviada
984,79,Validação documentos
996,28,Aprovada
996,28,Aprovada
179,73,Aprovada
338,58,Enviada
338,58,Aprovada
338,58,Aprovada
338,58,Validação documentos
357,74,Enviada
357,74,Em análise
357,74,Validação documentos
562,66,Enviada
565,77,Aprovada
565,77,Aprovada
630,80,Em análise
630,80,Validação documentos
660,60,Enviada
660,60,Aprovada
660,60,Em análise
660,60,Validação documentos
734,24,Enviada
865,44,Aprovada
865,44,Em análise
962,41,Enviada
962,41,Aprovada
962,41,Em análise
23,38,Enviada
23,38,Aprovada
156,56,Aprovada
470,70,Aprovada
508,63,Aprovada
508,63,Em análise
533,48,Enviada
634,23,Validação documentos
757,39,Enviada
757,39,Enviada
757,39,Em análise
757,39,Validação documentos
774,47,Validação documentos
839,55,Validação documentos
889,23,Enviada
889,23,Enviada
889,23,Validação documentos
995,38,Enviada
995,38,Aprovada
995,38,Validação documentos
69,40,Enviada
69,40,Em análise
69,40,Validação documentos
96,46,Aprovada
96,46,Validação documentos
154,75,Enviada
154,75,Enviada
154,75,Aprovada
154,75,Validação documentos
154,75,Validação documentos
181,57,Aprovada
181,57,Em análise
196,47,Validação documentos
199,82,Enviada
199,82,Validação documentos
256,43,Enviada
271,25,Aprovada
273,56,Enviada
273,56,Aprovada
273,56,Em análise
315,45,Validação documentos
519,73,Enviada
519,73,Validação documentos
519,73,Validação documentos
581,58,Enviada
581,58,Validação documentos
688,38,Enviada
688,38,Enviada
715,52,Enviada
715,52,Enviada
715,52,Validação documentos
715,52,Validação documentos
715,52,Validação documentos
451,25,Aprovada
451,25,Em análise
451,25,Validação documentos
472,44,Enviada
472,44,Enviada
472,44,Aprovada
511,61,Enviada
511,61,Validação documentos
511,61,Validação documentos
526,43,Em análise
526,43,Em análise
539,65,Aprovada
539,65,Em análise
539,65,Em análise
549,35,Aprovada
549,35,Em análise
666,78,Validação documentos
751,36,Enviada
751,36,Em análise
751,36,Em análise
782,73,Aprovada
782,73,Validação documentos
925,24,Enviada
925,24,Validação documentos
949,39,Validação documentos
954,42,Aprovada
956,37,Enviada
975,51,Validação documentos
22,79,Enviada
22,79,Aprovada
22,79,Em análise
260,33,Em análise
260,33,Validação documentos
260,33,Validação documentos
278,47,Aprovada
278,47,Em análise
278,47,Em análise
305,81,Aprovada
308,66,Enviada
308,66,Enviada
349,59,Em análise
444,71,Em análise
444,71,Validação documentos
460,34,Enviada
561,48,Enviada
561,48,Enviada
561,48,Enviada
561,48,Em análise
632,39,Enviada
632,39,Em análise
764,64,Enviada
764,64,Validação documentos
951,70,Enviada
951,70,Aprovada
24,74,Aprovada
34,55,Enviada
46,20,Aprovada
80,62,Aprovada
257,80,Aprovada
257,80,Aprovada
572,64,Enviada
572,64,Aprovada
572,64,Validação documentos
578,68,Enviada
673,79,Enviada
673,79,Enviada
673,79,Aprovada
673,79,Aprovada
673,79,Em análise
682,75,Aprovada
682,75,Aprovada
682,75,Em análise
682,75,Validação documentos
713,72,Enviada
713,72,Aprovada
739,66,Enviada
768,44,Em análise
768,44,Em análise
768,44,Em análise
768,44,Validação documentos
826,82,Aprovada
841,19,Enviada
841,19,Enviada
841,19,Validação documentos
904,39,Aprovada
904,39,Em análise
904,39,Em análise
967,52,Validação documentos
967,52,Validação documentos
25,81,Aprovada
44,22,Em análise
44,22,Validação documentos
44,22,Validação documentos
91,22,Aprovada
104,82,Em análise
104,82,Validação documentos
104,82,Validação documentos
304,55,Enviada
304,55,Aprovada
304,55,Aprovada
304,55,Aprovada
304,55,Em análise
365,70,Em análise
365,70,Validação documentos
365,70,Validação documentos
367,22,Enviada
367,22,Aprovada
411,45,Enviada
569,25,Enviada
569,25,Aprovada
569,25,Validação documentos
569,25,Validação documentos
736,35,Enviada
736,35,Em análise
736,35,Em análise
736,35,Em análise
736,35,Em análise
736,35,Validação documentos
854,41,Enviada
854,41,Validação documentos
979,61,Aprovada
979,61,Validação documentos
127,69,Enviada
131,22,Enviada
133,59,Aprovada
133,59,Em análise
133,59,Em análise
166,63,Aprovada
166,63,Em análise
166,63,Validação documentos
223,81,Enviada
223,81,Em análise
299,61,Aprovada
321,41,Enviada
321,41,Aprovada
342,70,Enviada
342,70,Validação documentos
402,77,Em análise
449,29,Validação documentos
555,70,Aprovada
555,70,Em análise
555,70,Em análise
557,55,Aprovada
557,55,Em análise
557,55,Em análise
622,25,Aprovada
622,25,Aprovada
695,20,Enviada
695,20,Em análise
700,22,Enviada
700,22,Validação documentos
727,56,Aprovada
727,56,Validação documentos
808,79,Enviada
835,21,Em análise
840,42,Aprovada
840,42,Validação documentos
850,34,Aprovada
937,73,Enviada
937,73,Aprovada
937,73,Validação documentos
960,47,Em análise
980,44,Em análise
59,47,Aprovada
59,47,Em análise
76,28,Aprovada
76,28,Validação documentos
122,64,Validação documentos
124,67,Enviada
124,67,Aprovada
124,67,Em análise
124,67,Validação documentos
124,67,Validação documentos
147,72,Enviada
147,72,Em análise
189,21,Enviada
197,46,Aprovada
197,46,Em análise
197,46,Validação documentos
416,56,Enviada
416,56,Aprovada
419,28,Enviada
419,28,Enviada
432,46,Enviada
434,44,Enviada
434,44,Validação documentos
517,26,Validação documentos
559,60,Enviada
559,60,Enviada
559,60,Em análise
577,36,Em análise
789,29,Enviada
789,29,Enviada
789,29,Aprovada
789,29,Em análise
789,29,Validação documentos
9,22,Enviada
72,34,Aprovada
72,34,Aprovada
72,34,Em análise
72,34,Validação documentos
285,20,Em análise
317,26,Enviada
317,26,Aprovada
317,26,Validação documentos
332,61,Enviada
332,61,Validação documentos
454,76,Enviada
454,76,Enviada
454,76,Aprovada
454,76,Aprovada
471,46,Em análise
471,46,Validação documentos
471,46,Validação documentos
494,76,Enviada
494,76,Em análise
494,76,Validação documentos
527,59,Aprovada
527,59,Validação documentos
527,59,Validação documentos
681,82,Validação documentos
740,68,Aprovada
740,68,Aprovada
963,59,Enviada
963,59,Aprovada
107,41,Enviada
107,41,Validação documentos
186,29,Aprovada
186,29,Em análise
368,30,Aprovada
384,57,Enviada
398,37,Aprovada
398,37,Validação documentos
582,56,Aprovada
582,56,Em análise
656,62,Aprovada
694,26,Enviada
694,26,Validação documentos
694,26,Validação documentos
694,26,Validação documentos
781,50,Em análise
781,50,Validação documentos
862,76,Enviada
862,76,Enviada
862,76,Validação documentos
914,19,Aprovada
914,19,Em análise
944,40,Enviada
944,40,Validação documentos
944,40,Validação documentos
139,28,Em análise
172,67,Aprovada
172,67,Em análise
231,43,Em análise
231,43,Validação documentos
306,52,Aprovada
400,70,Em análise
400,70,Em análise
478,81,Enviada
478,81,Aprovada
478,81,Aprovada
478,81,Em análise
478,81,Validação documentos
478,81,Validação documentos
514,82,Aprovada
551,80,Enviada
551,80,Enviada
551,80,Aprovada
551,80,Validação documentos
759,34,Aprovada
909,53,Aprovada
909,53,Aprovada
909,53,Em análise
909,53,Validação documentos
929,59,Em análise
929,59,Validação documentos
942,76,Validação documentos
942,76,Validação documentos
977,50,Aprovada
977,50,Aprovada
999,53,Enviada
999,53,Aprovada
999,53,Em análise
999,53,Validação documentos
61,74,Em análise
61,74,Em análise
141,62,Em análise
313,44,Em análise
313,44,Validação documentos
469,51,Enviada
469,51,Aprovada
469,51,Em análise
540,32,Em análise
563,62,Em análise
589,47,Validação documentos
631,70,Enviada
659,70,Enviada
659,70,Aprovada
659,70,Aprovada
659,70,Em análise
827,67,Enviada
827,67,Enviada
827,67,Aprovada
897,73,Enviada
897,73,Enviada
897,73,Enviada
897,73,Enviada
897,73,Aprovada
897,73,Aprovada
897,73,Em análise
897,73,Validação documentos
897,73,Validação documentos
87,32,Validação documentos
126,60,Aprovada
126,60,Validação documentos
235,74,Aprovada
235,74,Aprovada
235,74,Em análise
235,74,Em análise
235,74,Em análise
267,42,Aprovada
283,44,Aprovada
283,44,Aprovada
370,71,Em análise
370,71,Em análise
535,43,Enviada
535,43,Aprovada
596,65,Em análise
752,63,Enviada
752,63,Enviada
752,63,Em análise
35,60,Enviada
35,60,Aprovada
93,45,Enviada
93,45,Enviada
118,21,Enviada
118,21,Enviada
118,21,Aprovada
118,21,Em análise
162,44,Enviada
162,44,Enviada
162,44,Em análise
311,73,Enviada
311,73,Validação documentos
325,80,Aprovada
339,81,Em análise
453,37,Aprovada
453,37,Validação documentos
594,27,Validação documentos
629,82,Aprovada
643,64,Enviada
643,64,Aprovada
643,64,Aprovada
671,56,Enviada
671,56,Aprovada
671,56,Em análise
772,54,Enviada
772,54,Aprovada
772,54,Aprovada
772,54,Validação documentos
772,54,Validação documentos
837,81,Enviada
837,81,Em análise
845,82,Enviada
845,82,Enviada
845,82,Enviada
845,82,Aprovada
845,82,Validação documentos
853,26,Enviada
853,26,Enviada
853,26,Aprovada
853,26,Em análise
